Sample in Buffer,Sample in Window,TRIGGER,fpga_core/nolabel_line134/snic_inst/vexrv_wrapper_inst/m_axil_rd_imem\\.arvalid,fpga_core/nolabel_line134/snic_inst/vexrv_wrapper_inst/m_axil_rd_imem\\.araddr[31:0],fpga_core/nolabel_line134/snic_inst/vexrv_wrapper_inst/m_axil_rd_imem\\.rvalid,fpga_core/nolabel_line134/snic_inst/vexrv_wrapper_inst/m_axil_rd_imem\\.rdata[31:0]
Radix - UNSIGNED,UNSIGNED,UNSIGNED,HEX,HEX,HEX,HEX
0,0,0,1,00000014,0,0000006f
1,1,0,0,00000018,1,00000000
2,2,0,0,00000018,0,00000000
3,3,0,1,00000010,0,00000000
4,4,0,0,00000014,1,0000006f
5,5,0,0,00000014,0,0000006f
6,6,0,0,00000014,0,0000006f
7,7,0,0,00000014,0,0000006f
8,8,0,1,00000014,0,0000006f
9,9,0,0,00000018,1,00000000
10,10,0,0,00000018,0,00000000
11,11,0,1,00000010,0,00000000
12,12,0,0,00000014,1,0000006f
13,13,0,0,00000014,0,0000006f
14,14,0,0,00000014,0,0000006f
15,15,0,0,00000014,0,0000006f
16,16,0,1,00000014,0,0000006f
17,17,0,0,00000018,1,00000000
18,18,0,0,00000018,0,00000000
19,19,0,1,00000010,0,00000000
20,20,0,0,00000014,1,0000006f
21,21,0,0,00000014,0,0000006f
22,22,0,0,00000014,0,0000006f
23,23,0,0,00000014,0,0000006f
24,24,0,1,00000014,0,0000006f
25,25,0,0,00000018,1,00000000
26,26,0,0,00000018,0,00000000
27,27,0,1,00000010,0,00000000
28,28,0,0,00000014,1,0000006f
29,29,0,0,00000014,0,0000006f
30,30,0,0,00000014,0,0000006f
31,31,0,0,00000014,0,0000006f
32,32,0,1,00000014,0,0000006f
33,33,0,0,00000018,1,00000000
34,34,0,0,00000018,0,00000000
35,35,0,1,00000010,0,00000000
36,36,0,0,00000014,1,0000006f
37,37,0,0,00000014,0,0000006f
38,38,0,0,00000014,0,0000006f
39,39,0,0,00000014,0,0000006f
40,40,0,1,00000014,0,0000006f
41,41,0,0,00000018,1,00000000
42,42,0,0,00000018,0,00000000
43,43,0,1,00000010,0,00000000
44,44,0,0,00000014,1,0000006f
45,45,0,0,00000014,0,0000006f
46,46,0,0,00000014,0,0000006f
47,47,0,0,00000014,0,0000006f
48,48,0,1,00000014,0,0000006f
49,49,0,0,00000018,1,00000000
50,50,0,0,00000018,0,00000000
51,51,0,1,00000010,0,00000000
52,52,0,0,00000014,1,0000006f
53,53,0,0,00000014,0,0000006f
54,54,0,0,00000014,0,0000006f
55,55,0,0,00000014,0,0000006f
56,56,0,1,00000014,0,0000006f
57,57,0,0,00000018,1,00000000
58,58,0,0,00000018,0,00000000
59,59,0,1,00000010,0,00000000
60,60,0,0,00000014,1,0000006f
61,61,0,0,00000014,0,0000006f
62,62,0,0,00000014,0,0000006f
63,63,0,0,00000014,0,0000006f
64,64,0,1,00000014,0,0000006f
65,65,0,0,00000018,1,00000000
66,66,0,0,00000018,0,00000000
67,67,0,1,00000010,0,00000000
68,68,0,0,00000014,1,0000006f
69,69,0,0,00000014,0,0000006f
70,70,0,0,00000014,0,0000006f
71,71,0,0,00000014,0,0000006f
72,72,0,1,00000014,0,0000006f
73,73,0,0,00000018,1,00000000
74,74,0,0,00000018,0,00000000
75,75,0,1,00000010,0,00000000
76,76,0,0,00000014,1,0000006f
77,77,0,0,00000014,0,0000006f
78,78,0,0,00000014,0,0000006f
79,79,0,0,00000014,0,0000006f
80,80,0,1,00000014,0,0000006f
81,81,0,0,00000018,1,00000000
82,82,0,0,00000018,0,00000000
83,83,0,1,00000010,0,00000000
84,84,0,0,00000014,1,0000006f
85,85,0,0,00000014,0,0000006f
86,86,0,0,00000014,0,0000006f
87,87,0,0,00000014,0,0000006f
88,88,0,1,00000014,0,0000006f
89,89,0,0,00000018,1,00000000
90,90,0,0,00000018,0,00000000
91,91,0,1,00000010,0,00000000
92,92,0,0,00000014,1,0000006f
93,93,0,0,00000014,0,0000006f
94,94,0,0,00000014,0,0000006f
95,95,0,0,00000014,0,0000006f
96,96,0,1,00000014,0,0000006f
97,97,0,0,00000018,1,00000000
98,98,0,0,00000018,0,00000000
99,99,0,1,00000010,0,00000000
100,100,0,0,00000014,1,0000006f
101,101,0,0,00000014,0,0000006f
102,102,0,0,00000014,0,0000006f
103,103,0,0,00000014,0,0000006f
104,104,0,1,00000014,0,0000006f
105,105,0,0,00000018,1,00000000
106,106,0,0,00000018,0,00000000
107,107,0,1,00000010,0,00000000
108,108,0,0,00000014,1,0000006f
109,109,0,0,00000014,0,0000006f
110,110,0,0,00000014,0,0000006f
111,111,0,0,00000014,0,0000006f
112,112,0,1,00000014,0,0000006f
113,113,0,0,00000018,1,00000000
114,114,0,0,00000018,0,00000000
115,115,0,1,00000010,0,00000000
116,116,0,0,00000014,1,0000006f
117,117,0,0,00000014,0,0000006f
118,118,0,0,00000014,0,0000006f
119,119,0,0,00000014,0,0000006f
120,120,0,1,00000014,0,0000006f
121,121,0,0,00000018,1,00000000
122,122,0,0,00000018,0,00000000
123,123,0,1,00000010,0,00000000
124,124,0,0,00000014,1,0000006f
125,125,0,0,00000014,0,0000006f
126,126,0,0,00000014,0,0000006f
127,127,0,0,00000014,0,0000006f
128,128,0,1,00000014,0,0000006f
129,129,0,0,00000018,1,00000000
130,130,0,0,00000018,0,00000000
131,131,0,1,00000010,0,00000000
132,132,0,0,00000014,1,0000006f
133,133,0,0,00000014,0,0000006f
134,134,0,0,00000014,0,0000006f
135,135,0,0,00000014,0,0000006f
136,136,0,1,00000014,0,0000006f
137,137,0,0,00000018,1,00000000
138,138,0,0,00000018,0,00000000
139,139,0,1,00000010,0,00000000
140,140,0,0,00000014,1,0000006f
141,141,0,0,00000014,0,0000006f
142,142,0,0,00000014,0,0000006f
143,143,0,0,00000014,0,0000006f
144,144,0,1,00000014,0,0000006f
145,145,0,0,00000018,1,00000000
146,146,0,0,00000018,0,00000000
147,147,0,1,00000010,0,00000000
148,148,0,0,00000014,1,0000006f
149,149,0,0,00000014,0,0000006f
150,150,0,0,00000014,0,0000006f
151,151,0,0,00000014,0,0000006f
152,152,0,1,00000014,0,0000006f
153,153,0,0,00000018,1,00000000
154,154,0,0,00000018,0,00000000
155,155,0,1,00000010,0,00000000
156,156,0,0,00000014,1,0000006f
157,157,0,0,00000014,0,0000006f
158,158,0,0,00000014,0,0000006f
159,159,0,0,00000014,0,0000006f
160,160,0,1,00000014,0,0000006f
161,161,0,0,00000018,1,00000000
162,162,0,0,00000018,0,00000000
163,163,0,1,00000010,0,00000000
164,164,0,0,00000014,1,0000006f
165,165,0,0,00000014,0,0000006f
166,166,0,0,00000014,0,0000006f
167,167,0,0,00000014,0,0000006f
168,168,0,1,00000014,0,0000006f
169,169,0,0,00000018,1,00000000
170,170,0,0,00000018,0,00000000
171,171,0,1,00000010,0,00000000
172,172,0,0,00000014,1,0000006f
173,173,0,0,00000014,0,0000006f
174,174,0,0,00000014,0,0000006f
175,175,0,0,00000014,0,0000006f
176,176,0,1,00000014,0,0000006f
177,177,0,0,00000018,1,00000000
178,178,0,0,00000018,0,00000000
179,179,0,1,00000010,0,00000000
180,180,0,0,00000014,1,0000006f
181,181,0,0,00000014,0,0000006f
182,182,0,0,00000014,0,0000006f
183,183,0,0,00000014,0,0000006f
184,184,0,1,00000014,0,0000006f
185,185,0,0,00000018,1,00000000
186,186,0,0,00000018,0,00000000
187,187,0,1,00000010,0,00000000
188,188,0,0,00000014,1,0000006f
189,189,0,0,00000014,0,0000006f
190,190,0,0,00000014,0,0000006f
191,191,0,0,00000014,0,0000006f
192,192,0,1,00000014,0,0000006f
193,193,0,0,00000018,1,00000000
194,194,0,0,00000018,0,00000000
195,195,0,1,00000010,0,00000000
196,196,0,0,00000014,1,0000006f
197,197,0,0,00000014,0,0000006f
198,198,0,0,00000014,0,0000006f
199,199,0,0,00000014,0,0000006f
200,200,0,1,00000014,0,0000006f
201,201,0,0,00000018,1,00000000
202,202,0,0,00000018,0,00000000
203,203,0,1,00000010,0,00000000
204,204,0,0,00000014,1,0000006f
205,205,0,0,00000014,0,0000006f
206,206,0,0,00000014,0,0000006f
207,207,0,0,00000014,0,0000006f
208,208,0,1,00000014,0,0000006f
209,209,0,0,00000018,1,00000000
210,210,0,0,00000018,0,00000000
211,211,0,1,00000010,0,00000000
212,212,0,0,00000014,1,0000006f
213,213,0,0,00000014,0,0000006f
214,214,0,0,00000014,0,0000006f
215,215,0,0,00000014,0,0000006f
216,216,0,1,00000014,0,0000006f
217,217,0,0,00000018,1,00000000
218,218,0,0,00000018,0,00000000
219,219,0,1,00000010,0,00000000
220,220,0,0,00000014,1,0000006f
221,221,0,0,00000014,0,0000006f
222,222,0,0,00000014,0,0000006f
223,223,0,0,00000014,0,0000006f
224,224,0,1,00000014,0,0000006f
225,225,0,0,00000018,1,00000000
226,226,0,0,00000018,0,00000000
227,227,0,1,00000010,0,00000000
228,228,0,0,00000014,1,0000006f
229,229,0,0,00000014,0,0000006f
230,230,0,0,00000014,0,0000006f
231,231,0,0,00000014,0,0000006f
232,232,0,1,00000014,0,0000006f
233,233,0,0,00000018,1,00000000
234,234,0,0,00000018,0,00000000
235,235,0,1,00000010,0,00000000
236,236,0,0,00000014,1,0000006f
237,237,0,0,00000014,0,0000006f
238,238,0,0,00000014,0,0000006f
239,239,0,0,00000014,0,0000006f
240,240,0,1,00000014,0,0000006f
241,241,0,0,00000018,1,00000000
242,242,0,0,00000018,0,00000000
243,243,0,1,00000010,0,00000000
244,244,0,0,00000014,1,0000006f
245,245,0,0,00000014,0,0000006f
246,246,0,0,00000014,0,0000006f
247,247,0,0,00000014,0,0000006f
248,248,0,1,00000014,0,0000006f
249,249,0,0,00000018,1,00000000
250,250,0,0,00000018,0,00000000
251,251,0,1,00000010,0,00000000
252,252,0,0,00000014,1,0000006f
253,253,0,0,00000014,0,0000006f
254,254,0,0,00000014,0,0000006f
255,255,0,0,00000014,0,0000006f
256,256,0,1,00000014,0,0000006f
257,257,0,0,00000018,1,00000000
258,258,0,0,00000018,0,00000000
259,259,0,1,00000010,0,00000000
260,260,0,0,00000014,1,0000006f
261,261,0,0,00000014,0,0000006f
262,262,0,0,00000014,0,0000006f
263,263,0,0,00000014,0,0000006f
264,264,0,1,00000014,0,0000006f
265,265,0,0,00000018,1,00000000
266,266,0,0,00000018,0,00000000
267,267,0,1,00000010,0,00000000
268,268,0,0,00000014,1,0000006f
269,269,0,0,00000014,0,0000006f
270,270,0,0,00000014,0,0000006f
271,271,0,0,00000014,0,0000006f
272,272,0,1,00000014,0,0000006f
273,273,0,0,00000018,1,00000000
274,274,0,0,00000018,0,00000000
275,275,0,1,00000010,0,00000000
276,276,0,0,00000014,1,0000006f
277,277,0,0,00000014,0,0000006f
278,278,0,0,00000014,0,0000006f
279,279,0,0,00000014,0,0000006f
280,280,0,1,00000014,0,0000006f
281,281,0,0,00000018,1,00000000
282,282,0,0,00000018,0,00000000
283,283,0,1,00000010,0,00000000
284,284,0,0,00000014,1,0000006f
285,285,0,0,00000014,0,0000006f
286,286,0,0,00000014,0,0000006f
287,287,0,0,00000014,0,0000006f
288,288,0,1,00000014,0,0000006f
289,289,0,0,00000018,1,00000000
290,290,0,0,00000018,0,00000000
291,291,0,1,00000010,0,00000000
292,292,0,0,00000014,1,0000006f
293,293,0,0,00000014,0,0000006f
294,294,0,0,00000014,0,0000006f
295,295,0,0,00000014,0,0000006f
296,296,0,1,00000014,0,0000006f
297,297,0,0,00000018,1,00000000
298,298,0,0,00000018,0,00000000
299,299,0,1,00000010,0,00000000
300,300,0,0,00000014,1,0000006f
301,301,0,0,00000014,0,0000006f
302,302,0,0,00000014,0,0000006f
303,303,0,0,00000014,0,0000006f
304,304,0,1,00000014,0,0000006f
305,305,0,0,00000018,1,00000000
306,306,0,0,00000018,0,00000000
307,307,0,1,00000010,0,00000000
308,308,0,0,00000014,1,0000006f
309,309,0,0,00000014,0,0000006f
310,310,0,0,00000014,0,0000006f
311,311,0,0,00000014,0,0000006f
312,312,0,1,00000014,0,0000006f
313,313,0,0,00000018,1,00000000
314,314,0,0,00000018,0,00000000
315,315,0,1,00000010,0,00000000
316,316,0,0,00000014,1,0000006f
317,317,0,0,00000014,0,0000006f
318,318,0,0,00000014,0,0000006f
319,319,0,0,00000014,0,0000006f
320,320,0,1,00000014,0,0000006f
321,321,0,0,00000018,1,00000000
322,322,0,0,00000018,0,00000000
323,323,0,1,00000010,0,00000000
324,324,0,0,00000014,1,0000006f
325,325,0,0,00000014,0,0000006f
326,326,0,0,00000014,0,0000006f
327,327,0,0,00000014,0,0000006f
328,328,0,1,00000014,0,0000006f
329,329,0,0,00000018,1,00000000
330,330,0,0,00000018,0,00000000
331,331,0,1,00000010,0,00000000
332,332,0,0,00000014,1,0000006f
333,333,0,0,00000014,0,0000006f
334,334,0,0,00000014,0,0000006f
335,335,0,0,00000014,0,0000006f
336,336,0,1,00000014,0,0000006f
337,337,0,0,00000018,1,00000000
338,338,0,0,00000018,0,00000000
339,339,0,1,00000010,0,00000000
340,340,0,0,00000014,1,0000006f
341,341,0,0,00000014,0,0000006f
342,342,0,0,00000014,0,0000006f
343,343,0,0,00000014,0,0000006f
344,344,0,1,00000014,0,0000006f
345,345,0,0,00000018,1,00000000
346,346,0,0,00000018,0,00000000
347,347,0,1,00000010,0,00000000
348,348,0,0,00000014,1,0000006f
349,349,0,0,00000014,0,0000006f
350,350,0,0,00000014,0,0000006f
351,351,0,0,00000014,0,0000006f
352,352,0,1,00000014,0,0000006f
353,353,0,0,00000018,1,00000000
354,354,0,0,00000018,0,00000000
355,355,0,1,00000010,0,00000000
356,356,0,0,00000014,1,0000006f
357,357,0,0,00000014,0,0000006f
358,358,0,0,00000014,0,0000006f
359,359,0,0,00000014,0,0000006f
360,360,0,1,00000014,0,0000006f
361,361,0,0,00000018,1,00000000
362,362,0,0,00000018,0,00000000
363,363,0,1,00000010,0,00000000
364,364,0,0,00000014,1,0000006f
365,365,0,0,00000014,0,0000006f
366,366,0,0,00000014,0,0000006f
367,367,0,0,00000014,0,0000006f
368,368,0,1,00000014,0,0000006f
369,369,0,0,00000018,1,00000000
370,370,0,0,00000018,0,00000000
371,371,0,1,00000010,0,00000000
372,372,0,0,00000014,1,0000006f
373,373,0,0,00000014,0,0000006f
374,374,0,0,00000014,0,0000006f
375,375,0,0,00000014,0,0000006f
376,376,0,1,00000014,0,0000006f
377,377,0,0,00000018,1,00000000
378,378,0,0,00000018,0,00000000
379,379,0,1,00000010,0,00000000
380,380,0,0,00000014,1,0000006f
381,381,0,0,00000014,0,0000006f
382,382,0,0,00000014,0,0000006f
383,383,0,0,00000014,0,0000006f
384,384,0,1,00000014,0,0000006f
385,385,0,0,00000018,1,00000000
386,386,0,0,00000018,0,00000000
387,387,0,1,00000010,0,00000000
388,388,0,0,00000014,1,0000006f
389,389,0,0,00000014,0,0000006f
390,390,0,0,00000014,0,0000006f
391,391,0,0,00000014,0,0000006f
392,392,0,1,00000014,0,0000006f
393,393,0,0,00000018,1,00000000
394,394,0,0,00000018,0,00000000
395,395,0,1,00000010,0,00000000
396,396,0,0,00000014,1,0000006f
397,397,0,0,00000014,0,0000006f
398,398,0,0,00000014,0,0000006f
399,399,0,0,00000014,0,0000006f
400,400,0,1,00000014,0,0000006f
401,401,0,0,00000018,1,00000000
402,402,0,0,00000018,0,00000000
403,403,0,1,00000010,0,00000000
404,404,0,0,00000014,1,0000006f
405,405,0,0,00000014,0,0000006f
406,406,0,0,00000014,0,0000006f
407,407,0,0,00000014,0,0000006f
408,408,0,1,00000014,0,0000006f
409,409,0,0,00000018,1,00000000
410,410,0,0,00000018,0,00000000
411,411,0,1,00000010,0,00000000
412,412,0,0,00000014,1,0000006f
413,413,0,0,00000014,0,0000006f
414,414,0,0,00000014,0,0000006f
415,415,0,0,00000014,0,0000006f
416,416,0,1,00000014,0,0000006f
417,417,0,0,00000018,1,00000000
418,418,0,0,00000018,0,00000000
419,419,0,1,00000010,0,00000000
420,420,0,0,00000014,1,0000006f
421,421,0,0,00000014,0,0000006f
422,422,0,0,00000014,0,0000006f
423,423,0,0,00000014,0,0000006f
424,424,0,1,00000014,0,0000006f
425,425,0,0,00000018,1,00000000
426,426,0,0,00000018,0,00000000
427,427,0,1,00000010,0,00000000
428,428,0,0,00000014,1,0000006f
429,429,0,0,00000014,0,0000006f
430,430,0,0,00000014,0,0000006f
431,431,0,0,00000014,0,0000006f
432,432,0,1,00000014,0,0000006f
433,433,0,0,00000018,1,00000000
434,434,0,0,00000018,0,00000000
435,435,0,1,00000010,0,00000000
436,436,0,0,00000014,1,0000006f
437,437,0,0,00000014,0,0000006f
438,438,0,0,00000014,0,0000006f
439,439,0,0,00000014,0,0000006f
440,440,0,1,00000014,0,0000006f
441,441,0,0,00000018,1,00000000
442,442,0,0,00000018,0,00000000
443,443,0,1,00000010,0,00000000
444,444,0,0,00000014,1,0000006f
445,445,0,0,00000014,0,0000006f
446,446,0,0,00000014,0,0000006f
447,447,0,0,00000014,0,0000006f
448,448,0,1,00000014,0,0000006f
449,449,0,0,00000018,1,00000000
450,450,0,0,00000018,0,00000000
451,451,0,1,00000010,0,00000000
452,452,0,0,00000014,1,0000006f
453,453,0,0,00000014,0,0000006f
454,454,0,0,00000014,0,0000006f
455,455,0,0,00000014,0,0000006f
456,456,0,1,00000014,0,0000006f
457,457,0,0,00000018,1,00000000
458,458,0,0,00000018,0,00000000
459,459,0,1,00000010,0,00000000
460,460,0,0,00000014,1,0000006f
461,461,0,0,00000014,0,0000006f
462,462,0,0,00000014,0,0000006f
463,463,0,0,00000014,0,0000006f
464,464,0,1,00000014,0,0000006f
465,465,0,0,00000018,1,00000000
466,466,0,0,00000018,0,00000000
467,467,0,1,00000010,0,00000000
468,468,0,0,00000014,1,0000006f
469,469,0,0,00000014,0,0000006f
470,470,0,0,00000014,0,0000006f
471,471,0,0,00000014,0,0000006f
472,472,0,1,00000014,0,0000006f
473,473,0,0,00000018,1,00000000
474,474,0,0,00000018,0,00000000
475,475,0,1,00000010,0,00000000
476,476,0,0,00000014,1,0000006f
477,477,0,0,00000014,0,0000006f
478,478,0,0,00000014,0,0000006f
479,479,0,0,00000014,0,0000006f
480,480,0,1,00000014,0,0000006f
481,481,0,0,00000018,1,00000000
482,482,0,0,00000018,0,00000000
483,483,0,1,00000010,0,00000000
484,484,0,0,00000014,1,0000006f
485,485,0,0,00000014,0,0000006f
486,486,0,0,00000014,0,0000006f
487,487,0,0,00000014,0,0000006f
488,488,0,1,00000014,0,0000006f
489,489,0,0,00000018,1,00000000
490,490,0,0,00000018,0,00000000
491,491,0,1,00000010,0,00000000
492,492,0,0,00000014,1,0000006f
493,493,0,0,00000014,0,0000006f
494,494,0,0,00000014,0,0000006f
495,495,0,0,00000014,0,0000006f
496,496,0,1,00000014,0,0000006f
497,497,0,0,00000018,1,00000000
498,498,0,0,00000018,0,00000000
499,499,0,1,00000010,0,00000000
500,500,0,0,00000014,1,0000006f
501,501,0,0,00000014,0,0000006f
502,502,0,0,00000014,0,0000006f
503,503,0,0,00000014,0,0000006f
504,504,0,1,00000014,0,0000006f
505,505,0,0,00000018,1,00000000
506,506,0,0,00000018,0,00000000
507,507,0,1,00000010,0,00000000
508,508,0,0,00000014,1,0000006f
509,509,0,0,00000014,0,0000006f
510,510,0,0,00000014,0,0000006f
511,511,0,0,00000014,0,0000006f
512,512,0,1,00000014,0,0000006f
513,513,0,0,00000018,1,00000000
514,514,0,0,00000018,0,00000000
515,515,0,1,00000010,0,00000000
516,516,0,0,00000014,1,0000006f
517,517,0,0,00000014,0,0000006f
518,518,0,0,00000014,0,0000006f
519,519,0,0,00000014,0,0000006f
520,520,0,1,00000014,0,0000006f
521,521,0,0,00000018,1,00000000
522,522,0,0,00000018,0,00000000
523,523,0,1,00000010,0,00000000
524,524,0,0,00000014,1,0000006f
525,525,0,0,00000014,0,0000006f
526,526,0,0,00000014,0,0000006f
527,527,0,0,00000014,0,0000006f
528,528,0,1,00000014,0,0000006f
529,529,0,0,00000018,1,00000000
530,530,0,0,00000018,0,00000000
531,531,0,1,00000010,0,00000000
532,532,0,0,00000014,1,0000006f
533,533,0,0,00000014,0,0000006f
534,534,0,0,00000014,0,0000006f
535,535,0,0,00000014,0,0000006f
536,536,0,1,00000014,0,0000006f
537,537,0,0,00000018,1,00000000
538,538,0,0,00000018,0,00000000
539,539,0,1,00000010,0,00000000
540,540,0,0,00000014,1,0000006f
541,541,0,0,00000014,0,0000006f
542,542,0,0,00000014,0,0000006f
543,543,0,0,00000014,0,0000006f
544,544,0,1,00000014,0,0000006f
545,545,0,0,00000018,1,00000000
546,546,0,0,00000018,0,00000000
547,547,0,1,00000010,0,00000000
548,548,0,0,00000014,1,0000006f
549,549,0,0,00000014,0,0000006f
550,550,0,0,00000014,0,0000006f
551,551,0,0,00000014,0,0000006f
552,552,0,1,00000014,0,0000006f
553,553,0,0,00000018,1,00000000
554,554,0,0,00000018,0,00000000
555,555,0,1,00000010,0,00000000
556,556,0,0,00000014,1,0000006f
557,557,0,0,00000014,0,0000006f
558,558,0,0,00000014,0,0000006f
559,559,0,0,00000014,0,0000006f
560,560,0,1,00000014,0,0000006f
561,561,0,0,00000018,1,00000000
562,562,0,0,00000018,0,00000000
563,563,0,1,00000010,0,00000000
564,564,0,0,00000014,1,0000006f
565,565,0,0,00000014,0,0000006f
566,566,0,0,00000014,0,0000006f
567,567,0,0,00000014,0,0000006f
568,568,0,1,00000014,0,0000006f
569,569,0,0,00000018,1,00000000
570,570,0,0,00000018,0,00000000
571,571,0,1,00000010,0,00000000
572,572,0,0,00000014,1,0000006f
573,573,0,0,00000014,0,0000006f
574,574,0,0,00000014,0,0000006f
575,575,0,0,00000014,0,0000006f
576,576,0,1,00000014,0,0000006f
577,577,0,0,00000018,1,00000000
578,578,0,0,00000018,0,00000000
579,579,0,1,00000010,0,00000000
580,580,0,0,00000014,1,0000006f
581,581,0,0,00000014,0,0000006f
582,582,0,0,00000014,0,0000006f
583,583,0,0,00000014,0,0000006f
584,584,0,1,00000014,0,0000006f
585,585,0,0,00000018,1,00000000
586,586,0,0,00000018,0,00000000
587,587,0,1,00000010,0,00000000
588,588,0,0,00000014,1,0000006f
589,589,0,0,00000014,0,0000006f
590,590,0,0,00000014,0,0000006f
591,591,0,0,00000014,0,0000006f
592,592,0,1,00000014,0,0000006f
593,593,0,0,00000018,1,00000000
594,594,0,0,00000018,0,00000000
595,595,0,1,00000010,0,00000000
596,596,0,0,00000014,1,0000006f
597,597,0,0,00000014,0,0000006f
598,598,0,0,00000014,0,0000006f
599,599,0,0,00000014,0,0000006f
600,600,0,1,00000014,0,0000006f
601,601,0,0,00000018,1,00000000
602,602,0,0,00000018,0,00000000
603,603,0,1,00000010,0,00000000
604,604,0,0,00000014,1,0000006f
605,605,0,0,00000014,0,0000006f
606,606,0,0,00000014,0,0000006f
607,607,0,0,00000014,0,0000006f
608,608,0,1,00000014,0,0000006f
609,609,0,0,00000018,1,00000000
610,610,0,0,00000018,0,00000000
611,611,0,1,00000010,0,00000000
612,612,0,0,00000014,1,0000006f
613,613,0,0,00000014,0,0000006f
614,614,0,0,00000014,0,0000006f
615,615,0,0,00000014,0,0000006f
616,616,0,1,00000014,0,0000006f
617,617,0,0,00000018,1,00000000
618,618,0,0,00000018,0,00000000
619,619,0,1,00000010,0,00000000
620,620,0,0,00000014,1,0000006f
621,621,0,0,00000014,0,0000006f
622,622,0,0,00000014,0,0000006f
623,623,0,0,00000014,0,0000006f
624,624,0,1,00000014,0,0000006f
625,625,0,0,00000018,1,00000000
626,626,0,0,00000018,0,00000000
627,627,0,1,00000010,0,00000000
628,628,0,0,00000014,1,0000006f
629,629,0,0,00000014,0,0000006f
630,630,0,0,00000014,0,0000006f
631,631,0,0,00000014,0,0000006f
632,632,0,1,00000014,0,0000006f
633,633,0,0,00000018,1,00000000
634,634,0,0,00000018,0,00000000
635,635,0,1,00000010,0,00000000
636,636,0,0,00000014,1,0000006f
637,637,0,0,00000014,0,0000006f
638,638,0,0,00000014,0,0000006f
639,639,0,0,00000014,0,0000006f
640,640,0,1,00000014,0,0000006f
641,641,0,0,00000018,1,00000000
642,642,0,0,00000018,0,00000000
643,643,0,1,00000010,0,00000000
644,644,0,0,00000014,1,0000006f
645,645,0,0,00000014,0,0000006f
646,646,0,0,00000014,0,0000006f
647,647,0,0,00000014,0,0000006f
648,648,0,1,00000014,0,0000006f
649,649,0,0,00000018,1,00000000
650,650,0,0,00000018,0,00000000
651,651,0,1,00000010,0,00000000
652,652,0,0,00000014,1,0000006f
653,653,0,0,00000014,0,0000006f
654,654,0,0,00000014,0,0000006f
655,655,0,0,00000014,0,0000006f
656,656,0,1,00000014,0,0000006f
657,657,0,0,00000018,1,00000000
658,658,0,0,00000018,0,00000000
659,659,0,1,00000010,0,00000000
660,660,0,0,00000014,1,0000006f
661,661,0,0,00000014,0,0000006f
662,662,0,0,00000014,0,0000006f
663,663,0,0,00000014,0,0000006f
664,664,0,1,00000014,0,0000006f
665,665,0,0,00000018,1,00000000
666,666,0,0,00000018,0,00000000
667,667,0,1,00000010,0,00000000
668,668,0,0,00000014,1,0000006f
669,669,0,0,00000014,0,0000006f
670,670,0,0,00000014,0,0000006f
671,671,0,0,00000014,0,0000006f
672,672,0,1,00000014,0,0000006f
673,673,0,0,00000018,1,00000000
674,674,0,0,00000018,0,00000000
675,675,0,1,00000010,0,00000000
676,676,0,0,00000014,1,0000006f
677,677,0,0,00000014,0,0000006f
678,678,0,0,00000014,0,0000006f
679,679,0,0,00000014,0,0000006f
680,680,0,1,00000014,0,0000006f
681,681,0,0,00000018,1,00000000
682,682,0,0,00000018,0,00000000
683,683,0,1,00000010,0,00000000
684,684,0,0,00000014,1,0000006f
685,685,0,0,00000014,0,0000006f
686,686,0,0,00000014,0,0000006f
687,687,0,0,00000014,0,0000006f
688,688,0,1,00000014,0,0000006f
689,689,0,0,00000018,1,00000000
690,690,0,0,00000018,0,00000000
691,691,0,1,00000010,0,00000000
692,692,0,0,00000014,1,0000006f
693,693,0,0,00000014,0,0000006f
694,694,0,0,00000014,0,0000006f
695,695,0,0,00000014,0,0000006f
696,696,0,1,00000014,0,0000006f
697,697,0,0,00000018,1,00000000
698,698,0,0,00000018,0,00000000
699,699,0,1,00000010,0,00000000
700,700,0,0,00000014,1,0000006f
701,701,0,0,00000014,0,0000006f
702,702,0,0,00000014,0,0000006f
703,703,0,0,00000014,0,0000006f
704,704,0,1,00000014,0,0000006f
705,705,0,0,00000018,1,00000000
706,706,0,0,00000018,0,00000000
707,707,0,1,00000010,0,00000000
708,708,0,0,00000014,1,0000006f
709,709,0,0,00000014,0,0000006f
710,710,0,0,00000014,0,0000006f
711,711,0,0,00000014,0,0000006f
712,712,0,1,00000014,0,0000006f
713,713,0,0,00000018,1,00000000
714,714,0,0,00000018,0,00000000
715,715,0,1,00000010,0,00000000
716,716,0,0,00000014,1,0000006f
717,717,0,0,00000014,0,0000006f
718,718,0,0,00000014,0,0000006f
719,719,0,0,00000014,0,0000006f
720,720,0,1,00000014,0,0000006f
721,721,0,0,00000018,1,00000000
722,722,0,0,00000018,0,00000000
723,723,0,1,00000010,0,00000000
724,724,0,0,00000014,1,0000006f
725,725,0,0,00000014,0,0000006f
726,726,0,0,00000014,0,0000006f
727,727,0,0,00000014,0,0000006f
728,728,0,1,00000014,0,0000006f
729,729,0,0,00000018,1,00000000
730,730,0,0,00000018,0,00000000
731,731,0,1,00000010,0,00000000
732,732,0,0,00000014,1,0000006f
733,733,0,0,00000014,0,0000006f
734,734,0,0,00000014,0,0000006f
735,735,0,0,00000014,0,0000006f
736,736,0,1,00000014,0,0000006f
737,737,0,0,00000018,1,00000000
738,738,0,0,00000018,0,00000000
739,739,0,1,00000010,0,00000000
740,740,0,0,00000014,1,0000006f
741,741,0,0,00000014,0,0000006f
742,742,0,0,00000014,0,0000006f
743,743,0,0,00000014,0,0000006f
744,744,0,1,00000014,0,0000006f
745,745,0,0,00000018,1,00000000
746,746,0,0,00000018,0,00000000
747,747,0,1,00000010,0,00000000
748,748,0,0,00000014,1,0000006f
749,749,0,0,00000014,0,0000006f
750,750,0,0,00000014,0,0000006f
751,751,0,0,00000014,0,0000006f
752,752,0,1,00000014,0,0000006f
753,753,0,0,00000018,1,00000000
754,754,0,0,00000018,0,00000000
755,755,0,1,00000010,0,00000000
756,756,0,0,00000014,1,0000006f
757,757,0,0,00000014,0,0000006f
758,758,0,0,00000014,0,0000006f
759,759,0,0,00000014,0,0000006f
760,760,0,1,00000014,0,0000006f
761,761,0,0,00000018,1,00000000
762,762,0,0,00000018,0,00000000
763,763,0,1,00000010,0,00000000
764,764,0,0,00000014,1,0000006f
765,765,0,0,00000014,0,0000006f
766,766,0,0,00000014,0,0000006f
767,767,0,0,00000014,0,0000006f
768,768,0,1,00000014,0,0000006f
769,769,0,0,00000018,1,00000000
770,770,0,0,00000018,0,00000000
771,771,0,1,00000010,0,00000000
772,772,0,0,00000014,1,0000006f
773,773,0,0,00000014,0,0000006f
774,774,0,0,00000014,0,0000006f
775,775,0,0,00000014,0,0000006f
776,776,0,1,00000014,0,0000006f
777,777,0,0,00000018,1,00000000
778,778,0,0,00000018,0,00000000
779,779,0,1,00000010,0,00000000
780,780,0,0,00000014,1,0000006f
781,781,0,0,00000014,0,0000006f
782,782,0,0,00000014,0,0000006f
783,783,0,0,00000014,0,0000006f
784,784,0,1,00000014,0,0000006f
785,785,0,0,00000018,1,00000000
786,786,0,0,00000018,0,00000000
787,787,0,1,00000010,0,00000000
788,788,0,0,00000014,1,0000006f
789,789,0,0,00000014,0,0000006f
790,790,0,0,00000014,0,0000006f
791,791,0,0,00000014,0,0000006f
792,792,0,1,00000014,0,0000006f
793,793,0,0,00000018,1,00000000
794,794,0,0,00000018,0,00000000
795,795,0,1,00000010,0,00000000
796,796,0,0,00000014,1,0000006f
797,797,0,0,00000014,0,0000006f
798,798,0,0,00000014,0,0000006f
799,799,0,0,00000014,0,0000006f
800,800,0,1,00000014,0,0000006f
801,801,0,0,00000018,1,00000000
802,802,0,0,00000018,0,00000000
803,803,0,1,00000010,0,00000000
804,804,0,0,00000014,1,0000006f
805,805,0,0,00000014,0,0000006f
806,806,0,0,00000014,0,0000006f
807,807,0,0,00000014,0,0000006f
808,808,0,1,00000014,0,0000006f
809,809,0,0,00000018,1,00000000
810,810,0,0,00000018,0,00000000
811,811,0,1,00000010,0,00000000
812,812,0,0,00000014,1,0000006f
813,813,0,0,00000014,0,0000006f
814,814,0,0,00000014,0,0000006f
815,815,0,0,00000014,0,0000006f
816,816,0,1,00000014,0,0000006f
817,817,0,0,00000018,1,00000000
818,818,0,0,00000018,0,00000000
819,819,0,1,00000010,0,00000000
820,820,0,0,00000014,1,0000006f
821,821,0,0,00000014,0,0000006f
822,822,0,0,00000014,0,0000006f
823,823,0,0,00000014,0,0000006f
824,824,0,1,00000014,0,0000006f
825,825,0,0,00000018,1,00000000
826,826,0,0,00000018,0,00000000
827,827,0,1,00000010,0,00000000
828,828,0,0,00000014,1,0000006f
829,829,0,0,00000014,0,0000006f
830,830,0,0,00000014,0,0000006f
831,831,0,0,00000014,0,0000006f
832,832,0,1,00000014,0,0000006f
833,833,0,0,00000018,1,00000000
834,834,0,0,00000018,0,00000000
835,835,0,1,00000010,0,00000000
836,836,0,0,00000014,1,0000006f
837,837,0,0,00000014,0,0000006f
838,838,0,0,00000014,0,0000006f
839,839,0,0,00000014,0,0000006f
840,840,0,1,00000014,0,0000006f
841,841,0,0,00000018,1,00000000
842,842,0,0,00000018,0,00000000
843,843,0,1,00000010,0,00000000
844,844,0,0,00000014,1,0000006f
845,845,0,0,00000014,0,0000006f
846,846,0,0,00000014,0,0000006f
847,847,0,0,00000014,0,0000006f
848,848,0,1,00000014,0,0000006f
849,849,0,0,00000018,1,00000000
850,850,0,0,00000018,0,00000000
851,851,0,1,00000010,0,00000000
852,852,0,0,00000014,1,0000006f
853,853,0,0,00000014,0,0000006f
854,854,0,0,00000014,0,0000006f
855,855,0,0,00000014,0,0000006f
856,856,0,1,00000014,0,0000006f
857,857,0,0,00000018,1,00000000
858,858,0,0,00000018,0,00000000
859,859,0,1,00000010,0,00000000
860,860,0,0,00000014,1,0000006f
861,861,0,0,00000014,0,0000006f
862,862,0,0,00000014,0,0000006f
863,863,0,0,00000014,0,0000006f
864,864,0,1,00000014,0,0000006f
865,865,0,0,00000018,1,00000000
866,866,0,0,00000018,0,00000000
867,867,0,1,00000010,0,00000000
868,868,0,0,00000014,1,0000006f
869,869,0,0,00000014,0,0000006f
870,870,0,0,00000014,0,0000006f
871,871,0,0,00000014,0,0000006f
872,872,0,1,00000014,0,0000006f
873,873,0,0,00000018,1,00000000
874,874,0,0,00000018,0,00000000
875,875,0,1,00000010,0,00000000
876,876,0,0,00000014,1,0000006f
877,877,0,0,00000014,0,0000006f
878,878,0,0,00000014,0,0000006f
879,879,0,0,00000014,0,0000006f
880,880,0,1,00000014,0,0000006f
881,881,0,0,00000018,1,00000000
882,882,0,0,00000018,0,00000000
883,883,0,1,00000010,0,00000000
884,884,0,0,00000014,1,0000006f
885,885,0,0,00000014,0,0000006f
886,886,0,0,00000014,0,0000006f
887,887,0,0,00000014,0,0000006f
888,888,0,1,00000014,0,0000006f
889,889,0,0,00000018,1,00000000
890,890,0,0,00000018,0,00000000
891,891,0,1,00000010,0,00000000
892,892,0,0,00000014,1,0000006f
893,893,0,0,00000014,0,0000006f
894,894,0,0,00000014,0,0000006f
895,895,0,0,00000014,0,0000006f
896,896,0,1,00000014,0,0000006f
897,897,0,0,00000018,1,00000000
898,898,0,0,00000018,0,00000000
899,899,0,1,00000010,0,00000000
900,900,0,0,00000014,1,0000006f
901,901,0,0,00000014,0,0000006f
902,902,0,0,00000014,0,0000006f
903,903,0,0,00000014,0,0000006f
904,904,0,1,00000014,0,0000006f
905,905,0,0,00000018,1,00000000
906,906,0,0,00000018,0,00000000
907,907,0,1,00000010,0,00000000
908,908,0,0,00000014,1,0000006f
909,909,0,0,00000014,0,0000006f
910,910,0,0,00000014,0,0000006f
911,911,0,0,00000014,0,0000006f
912,912,0,1,00000014,0,0000006f
913,913,0,0,00000018,1,00000000
914,914,0,0,00000018,0,00000000
915,915,0,1,00000010,0,00000000
916,916,0,0,00000014,1,0000006f
917,917,0,0,00000014,0,0000006f
918,918,0,0,00000014,0,0000006f
919,919,0,0,00000014,0,0000006f
920,920,0,1,00000014,0,0000006f
921,921,0,0,00000018,1,00000000
922,922,0,0,00000018,0,00000000
923,923,0,1,00000010,0,00000000
924,924,0,0,00000014,1,0000006f
925,925,0,0,00000014,0,0000006f
926,926,0,0,00000014,0,0000006f
927,927,0,0,00000014,0,0000006f
928,928,0,1,00000014,0,0000006f
929,929,0,0,00000018,1,00000000
930,930,0,0,00000018,0,00000000
931,931,0,1,00000010,0,00000000
932,932,0,0,00000014,1,0000006f
933,933,0,0,00000014,0,0000006f
934,934,0,0,00000014,0,0000006f
935,935,0,0,00000014,0,0000006f
936,936,0,1,00000014,0,0000006f
937,937,0,0,00000018,1,00000000
938,938,0,0,00000018,0,00000000
939,939,0,1,00000010,0,00000000
940,940,0,0,00000014,1,0000006f
941,941,0,0,00000014,0,0000006f
942,942,0,0,00000014,0,0000006f
943,943,0,0,00000014,0,0000006f
944,944,0,1,00000014,0,0000006f
945,945,0,0,00000018,1,00000000
946,946,0,0,00000018,0,00000000
947,947,0,1,00000010,0,00000000
948,948,0,0,00000014,1,0000006f
949,949,0,0,00000014,0,0000006f
950,950,0,0,00000014,0,0000006f
951,951,0,0,00000014,0,0000006f
952,952,0,1,00000014,0,0000006f
953,953,0,0,00000018,1,00000000
954,954,0,0,00000018,0,00000000
955,955,0,1,00000010,0,00000000
956,956,0,0,00000014,1,0000006f
957,957,0,0,00000014,0,0000006f
958,958,0,0,00000014,0,0000006f
959,959,0,0,00000014,0,0000006f
960,960,0,1,00000014,0,0000006f
961,961,0,0,00000018,1,00000000
962,962,0,0,00000018,0,00000000
963,963,0,1,00000010,0,00000000
964,964,0,0,00000014,1,0000006f
965,965,0,0,00000014,0,0000006f
966,966,0,0,00000014,0,0000006f
967,967,0,0,00000014,0,0000006f
968,968,0,1,00000014,0,0000006f
969,969,0,0,00000018,1,00000000
970,970,0,0,00000018,0,00000000
971,971,0,1,00000010,0,00000000
972,972,0,0,00000014,1,0000006f
973,973,0,0,00000014,0,0000006f
974,974,0,0,00000014,0,0000006f
975,975,0,0,00000014,0,0000006f
976,976,0,1,00000014,0,0000006f
977,977,0,0,00000018,1,00000000
978,978,0,0,00000018,0,00000000
979,979,0,1,00000010,0,00000000
980,980,0,0,00000014,1,0000006f
981,981,0,0,00000014,0,0000006f
982,982,0,0,00000014,0,0000006f
983,983,0,0,00000014,0,0000006f
984,984,0,1,00000014,0,0000006f
985,985,0,0,00000018,1,00000000
986,986,0,0,00000018,0,00000000
987,987,0,1,00000010,0,00000000
988,988,0,0,00000014,1,0000006f
989,989,0,0,00000014,0,0000006f
990,990,0,0,00000014,0,0000006f
991,991,0,0,00000014,0,0000006f
992,992,0,1,00000014,0,0000006f
993,993,0,0,00000018,1,00000000
994,994,0,0,00000018,0,00000000
995,995,0,1,00000010,0,00000000
996,996,0,0,00000014,1,0000006f
997,997,0,0,00000014,0,0000006f
998,998,0,0,00000014,0,0000006f
999,999,0,0,00000014,0,0000006f
1000,1000,0,1,00000014,0,0000006f
1001,1001,0,0,00000018,1,00000000
1002,1002,0,0,00000018,0,00000000
1003,1003,0,1,00000010,0,00000000
1004,1004,0,0,00000014,1,0000006f
1005,1005,0,0,00000014,0,0000006f
1006,1006,0,0,00000014,0,0000006f
1007,1007,0,0,00000014,0,0000006f
1008,1008,0,1,00000014,0,0000006f
1009,1009,0,0,00000018,1,00000000
1010,1010,0,0,00000018,0,00000000
1011,1011,0,1,00000010,0,00000000
1012,1012,0,0,00000014,1,0000006f
1013,1013,0,0,00000014,0,0000006f
1014,1014,0,0,00000014,0,0000006f
1015,1015,0,0,00000014,0,0000006f
1016,1016,0,1,00000014,0,0000006f
1017,1017,0,0,00000018,1,00000000
1018,1018,0,0,00000018,0,00000000
1019,1019,0,1,00000010,0,00000000
1020,1020,0,0,00000014,1,0000006f
1021,1021,0,0,00000014,0,0000006f
1022,1022,0,0,00000014,0,0000006f
1023,1023,0,0,00000014,0,0000006f
1024,1024,1,1,00000014,0,0000006f
1025,1025,0,0,00000018,1,00000000
1026,1026,0,0,00000018,0,00000000
1027,1027,0,1,00000010,0,00000000
1028,1028,0,0,00000014,1,0000006f
1029,1029,0,0,00000014,0,0000006f
1030,1030,0,0,00000014,0,0000006f
1031,1031,0,0,00000014,0,0000006f
1032,1032,0,1,00000014,0,0000006f
1033,1033,0,0,00000018,1,00000000
1034,1034,0,0,00000018,0,00000000
1035,1035,0,1,00000010,0,00000000
1036,1036,0,0,00000014,1,0000006f
1037,1037,0,0,00000014,0,0000006f
1038,1038,0,0,00000014,0,0000006f
1039,1039,0,0,00000014,0,0000006f
1040,1040,0,1,00000014,0,0000006f
1041,1041,0,0,00000018,1,00000000
1042,1042,0,0,00000018,0,00000000
1043,1043,0,1,00000010,0,00000000
1044,1044,0,0,00000014,1,0000006f
1045,1045,0,0,00000014,0,0000006f
1046,1046,0,0,00000014,0,0000006f
1047,1047,0,0,00000014,0,0000006f
1048,1048,0,1,00000014,0,0000006f
1049,1049,0,0,00000018,1,00000000
1050,1050,0,0,00000018,0,00000000
1051,1051,0,1,00000010,0,00000000
1052,1052,0,0,00000014,1,0000006f
1053,1053,0,0,00000014,0,0000006f
1054,1054,0,0,00000014,0,0000006f
1055,1055,0,0,00000014,0,0000006f
1056,1056,0,1,00000014,0,0000006f
1057,1057,0,0,00000018,1,00000000
1058,1058,0,0,00000018,0,00000000
1059,1059,0,1,00000010,0,00000000
1060,1060,0,0,00000014,1,0000006f
1061,1061,0,0,00000014,0,0000006f
1062,1062,0,0,00000014,0,0000006f
1063,1063,0,0,00000014,0,0000006f
1064,1064,0,1,00000014,0,0000006f
1065,1065,0,0,00000018,1,00000000
1066,1066,0,0,00000018,0,00000000
1067,1067,0,1,00000010,0,00000000
1068,1068,0,0,00000014,1,0000006f
1069,1069,0,0,00000014,0,0000006f
1070,1070,0,0,00000014,0,0000006f
1071,1071,0,0,00000014,0,0000006f
1072,1072,0,1,00000014,0,0000006f
1073,1073,0,0,00000018,1,00000000
1074,1074,0,0,00000018,0,00000000
1075,1075,0,1,00000010,0,00000000
1076,1076,0,0,00000014,1,0000006f
1077,1077,0,0,00000014,0,0000006f
1078,1078,0,0,00000014,0,0000006f
1079,1079,0,0,00000014,0,0000006f
1080,1080,0,1,00000014,0,0000006f
1081,1081,0,0,00000018,1,00000000
1082,1082,0,0,00000018,0,00000000
1083,1083,0,1,00000010,0,00000000
1084,1084,0,0,00000014,1,0000006f
1085,1085,0,0,00000014,0,0000006f
1086,1086,0,0,00000014,0,0000006f
1087,1087,0,0,00000014,0,0000006f
1088,1088,0,1,00000014,0,0000006f
1089,1089,0,0,00000018,1,00000000
1090,1090,0,0,00000018,0,00000000
1091,1091,0,1,00000010,0,00000000
1092,1092,0,0,00000014,1,0000006f
1093,1093,0,0,00000014,0,0000006f
1094,1094,0,0,00000014,0,0000006f
1095,1095,0,0,00000014,0,0000006f
1096,1096,0,1,00000014,0,0000006f
1097,1097,0,0,00000018,1,00000000
1098,1098,0,0,00000018,0,00000000
1099,1099,0,1,00000010,0,00000000
1100,1100,0,0,00000014,1,0000006f
1101,1101,0,0,00000014,0,0000006f
1102,1102,0,0,00000014,0,0000006f
1103,1103,0,0,00000014,0,0000006f
1104,1104,0,1,00000014,0,0000006f
1105,1105,0,0,00000018,1,00000000
1106,1106,0,0,00000018,0,00000000
1107,1107,0,1,00000010,0,00000000
1108,1108,0,0,00000014,1,0000006f
1109,1109,0,0,00000014,0,0000006f
1110,1110,0,0,00000014,0,0000006f
1111,1111,0,0,00000014,0,0000006f
1112,1112,0,1,00000014,0,0000006f
1113,1113,0,0,00000018,1,00000000
1114,1114,0,0,00000018,0,00000000
1115,1115,0,1,00000010,0,00000000
1116,1116,0,0,00000014,1,0000006f
1117,1117,0,0,00000014,0,0000006f
1118,1118,0,0,00000014,0,0000006f
1119,1119,0,0,00000014,0,0000006f
1120,1120,0,1,00000014,0,0000006f
1121,1121,0,0,00000018,1,00000000
1122,1122,0,0,00000018,0,00000000
1123,1123,0,1,00000010,0,00000000
1124,1124,0,0,00000014,1,0000006f
1125,1125,0,0,00000014,0,0000006f
1126,1126,0,0,00000014,0,0000006f
1127,1127,0,0,00000014,0,0000006f
1128,1128,0,1,00000014,0,0000006f
1129,1129,0,0,00000018,1,00000000
1130,1130,0,0,00000018,0,00000000
1131,1131,0,1,00000010,0,00000000
1132,1132,0,0,00000014,1,0000006f
1133,1133,0,0,00000014,0,0000006f
1134,1134,0,0,00000014,0,0000006f
1135,1135,0,0,00000014,0,0000006f
1136,1136,0,1,00000014,0,0000006f
1137,1137,0,0,00000018,1,00000000
1138,1138,0,0,00000018,0,00000000
1139,1139,0,1,00000010,0,00000000
1140,1140,0,0,00000014,1,0000006f
1141,1141,0,0,00000014,0,0000006f
1142,1142,0,0,00000014,0,0000006f
1143,1143,0,0,00000014,0,0000006f
1144,1144,0,1,00000014,0,0000006f
1145,1145,0,0,00000018,1,00000000
1146,1146,0,0,00000018,0,00000000
1147,1147,0,1,00000010,0,00000000
1148,1148,0,0,00000014,1,0000006f
1149,1149,0,0,00000014,0,0000006f
1150,1150,0,0,00000014,0,0000006f
1151,1151,0,0,00000014,0,0000006f
1152,1152,0,1,00000014,0,0000006f
1153,1153,0,0,00000018,1,00000000
1154,1154,0,0,00000018,0,00000000
1155,1155,0,1,00000010,0,00000000
1156,1156,0,0,00000014,1,0000006f
1157,1157,0,0,00000014,0,0000006f
1158,1158,0,0,00000014,0,0000006f
1159,1159,0,0,00000014,0,0000006f
1160,1160,0,1,00000014,0,0000006f
1161,1161,0,0,00000018,1,00000000
1162,1162,0,0,00000018,0,00000000
1163,1163,0,1,00000010,0,00000000
1164,1164,0,0,00000014,1,0000006f
1165,1165,0,0,00000014,0,0000006f
1166,1166,0,0,00000014,0,0000006f
1167,1167,0,0,00000014,0,0000006f
1168,1168,0,1,00000014,0,0000006f
1169,1169,0,0,00000018,1,00000000
1170,1170,0,0,00000018,0,00000000
1171,1171,0,1,00000010,0,00000000
1172,1172,0,0,00000014,1,0000006f
1173,1173,0,0,00000014,0,0000006f
1174,1174,0,0,00000014,0,0000006f
1175,1175,0,0,00000014,0,0000006f
1176,1176,0,1,00000014,0,0000006f
1177,1177,0,0,00000018,1,00000000
1178,1178,0,0,00000018,0,00000000
1179,1179,0,1,00000010,0,00000000
1180,1180,0,0,00000014,1,0000006f
1181,1181,0,0,00000014,0,0000006f
1182,1182,0,0,00000014,0,0000006f
1183,1183,0,0,00000014,0,0000006f
1184,1184,0,1,00000014,0,0000006f
1185,1185,0,0,00000018,1,00000000
1186,1186,0,0,00000018,0,00000000
1187,1187,0,1,00000010,0,00000000
1188,1188,0,0,00000014,1,0000006f
1189,1189,0,0,00000014,0,0000006f
1190,1190,0,0,00000014,0,0000006f
1191,1191,0,0,00000014,0,0000006f
1192,1192,0,1,00000014,0,0000006f
1193,1193,0,0,00000018,1,00000000
1194,1194,0,0,00000018,0,00000000
1195,1195,0,1,00000010,0,00000000
1196,1196,0,0,00000014,1,0000006f
1197,1197,0,0,00000014,0,0000006f
1198,1198,0,0,00000014,0,0000006f
1199,1199,0,0,00000014,0,0000006f
1200,1200,0,1,00000014,0,0000006f
1201,1201,0,0,00000018,1,00000000
1202,1202,0,0,00000018,0,00000000
1203,1203,0,1,00000010,0,00000000
1204,1204,0,0,00000014,1,0000006f
1205,1205,0,0,00000014,0,0000006f
1206,1206,0,0,00000014,0,0000006f
1207,1207,0,0,00000014,0,0000006f
1208,1208,0,1,00000014,0,0000006f
1209,1209,0,0,00000018,1,00000000
1210,1210,0,0,00000018,0,00000000
1211,1211,0,1,00000010,0,00000000
1212,1212,0,0,00000014,1,0000006f
1213,1213,0,0,00000014,0,0000006f
1214,1214,0,0,00000014,0,0000006f
1215,1215,0,0,00000014,0,0000006f
1216,1216,0,1,00000014,0,0000006f
1217,1217,0,0,00000018,1,00000000
1218,1218,0,0,00000018,0,00000000
1219,1219,0,1,00000010,0,00000000
1220,1220,0,0,00000014,1,0000006f
1221,1221,0,0,00000014,0,0000006f
1222,1222,0,0,00000014,0,0000006f
1223,1223,0,0,00000014,0,0000006f
1224,1224,0,1,00000014,0,0000006f
1225,1225,0,0,00000018,1,00000000
1226,1226,0,0,00000018,0,00000000
1227,1227,0,1,00000010,0,00000000
1228,1228,0,0,00000014,1,0000006f
1229,1229,0,0,00000014,0,0000006f
1230,1230,0,0,00000014,0,0000006f
1231,1231,0,0,00000014,0,0000006f
1232,1232,0,1,00000014,0,0000006f
1233,1233,0,0,00000018,1,00000000
1234,1234,0,0,00000018,0,00000000
1235,1235,0,1,00000010,0,00000000
1236,1236,0,0,00000014,1,0000006f
1237,1237,0,0,00000014,0,0000006f
1238,1238,0,0,00000014,0,0000006f
1239,1239,0,0,00000014,0,0000006f
1240,1240,0,1,00000014,0,0000006f
1241,1241,0,0,00000018,1,00000000
1242,1242,0,0,00000018,0,00000000
1243,1243,0,1,00000010,0,00000000
1244,1244,0,0,00000014,1,0000006f
1245,1245,0,0,00000014,0,0000006f
1246,1246,0,0,00000014,0,0000006f
1247,1247,0,0,00000014,0,0000006f
1248,1248,0,1,00000014,0,0000006f
1249,1249,0,0,00000018,1,00000000
1250,1250,0,0,00000018,0,00000000
1251,1251,0,1,00000010,0,00000000
1252,1252,0,0,00000014,1,0000006f
1253,1253,0,0,00000014,0,0000006f
1254,1254,0,0,00000014,0,0000006f
1255,1255,0,0,00000014,0,0000006f
1256,1256,0,1,00000014,0,0000006f
1257,1257,0,0,00000018,1,00000000
1258,1258,0,0,00000018,0,00000000
1259,1259,0,1,00000010,0,00000000
1260,1260,0,0,00000014,1,0000006f
1261,1261,0,0,00000014,0,0000006f
1262,1262,0,0,00000014,0,0000006f
1263,1263,0,0,00000014,0,0000006f
1264,1264,0,1,00000014,0,0000006f
1265,1265,0,0,00000018,1,00000000
1266,1266,0,0,00000018,0,00000000
1267,1267,0,1,00000010,0,00000000
1268,1268,0,0,00000014,1,0000006f
1269,1269,0,0,00000014,0,0000006f
1270,1270,0,0,00000014,0,0000006f
1271,1271,0,0,00000014,0,0000006f
1272,1272,0,1,00000014,0,0000006f
1273,1273,0,0,00000018,1,00000000
1274,1274,0,0,00000018,0,00000000
1275,1275,0,1,00000010,0,00000000
1276,1276,0,0,00000014,1,0000006f
1277,1277,0,0,00000014,0,0000006f
1278,1278,0,0,00000014,0,0000006f
1279,1279,0,0,00000014,0,0000006f
1280,1280,0,1,00000014,0,0000006f
1281,1281,0,0,00000018,1,00000000
1282,1282,0,0,00000018,0,00000000
1283,1283,0,1,00000010,0,00000000
1284,1284,0,0,00000014,1,0000006f
1285,1285,0,0,00000014,0,0000006f
1286,1286,0,0,00000014,0,0000006f
1287,1287,0,0,00000014,0,0000006f
1288,1288,0,1,00000014,0,0000006f
1289,1289,0,0,00000018,1,00000000
1290,1290,0,0,00000018,0,00000000
1291,1291,0,1,00000010,0,00000000
1292,1292,0,0,00000014,1,0000006f
1293,1293,0,0,00000014,0,0000006f
1294,1294,0,0,00000014,0,0000006f
1295,1295,0,0,00000014,0,0000006f
1296,1296,0,1,00000014,0,0000006f
1297,1297,0,0,00000018,1,00000000
1298,1298,0,0,00000018,0,00000000
1299,1299,0,1,00000010,0,00000000
1300,1300,0,0,00000014,1,0000006f
1301,1301,0,0,00000014,0,0000006f
1302,1302,0,0,00000014,0,0000006f
1303,1303,0,0,00000014,0,0000006f
1304,1304,0,1,00000014,0,0000006f
1305,1305,0,0,00000018,1,00000000
1306,1306,0,0,00000018,0,00000000
1307,1307,0,1,00000010,0,00000000
1308,1308,0,0,00000014,1,0000006f
1309,1309,0,0,00000014,0,0000006f
1310,1310,0,0,00000014,0,0000006f
1311,1311,0,0,00000014,0,0000006f
1312,1312,0,1,00000014,0,0000006f
1313,1313,0,0,00000018,1,00000000
1314,1314,0,0,00000018,0,00000000
1315,1315,0,1,00000010,0,00000000
1316,1316,0,0,00000014,1,0000006f
1317,1317,0,0,00000014,0,0000006f
1318,1318,0,0,00000014,0,0000006f
1319,1319,0,0,00000014,0,0000006f
1320,1320,0,1,00000014,0,0000006f
1321,1321,0,0,00000018,1,00000000
1322,1322,0,0,00000018,0,00000000
1323,1323,0,1,00000010,0,00000000
1324,1324,0,0,00000014,1,0000006f
1325,1325,0,0,00000014,0,0000006f
1326,1326,0,0,00000014,0,0000006f
1327,1327,0,0,00000014,0,0000006f
1328,1328,0,1,00000014,0,0000006f
1329,1329,0,0,00000018,1,00000000
1330,1330,0,0,00000018,0,00000000
1331,1331,0,1,00000010,0,00000000
1332,1332,0,0,00000014,1,0000006f
1333,1333,0,0,00000014,0,0000006f
1334,1334,0,0,00000014,0,0000006f
1335,1335,0,0,00000014,0,0000006f
1336,1336,0,1,00000014,0,0000006f
1337,1337,0,0,00000018,1,00000000
1338,1338,0,0,00000018,0,00000000
1339,1339,0,1,00000010,0,00000000
1340,1340,0,0,00000014,1,0000006f
1341,1341,0,0,00000014,0,0000006f
1342,1342,0,0,00000014,0,0000006f
1343,1343,0,0,00000014,0,0000006f
1344,1344,0,1,00000014,0,0000006f
1345,1345,0,0,00000018,1,00000000
1346,1346,0,0,00000018,0,00000000
1347,1347,0,1,00000010,0,00000000
1348,1348,0,0,00000014,1,0000006f
1349,1349,0,0,00000014,0,0000006f
1350,1350,0,0,00000014,0,0000006f
1351,1351,0,0,00000014,0,0000006f
1352,1352,0,1,00000014,0,0000006f
1353,1353,0,0,00000018,1,00000000
1354,1354,0,0,00000018,0,00000000
1355,1355,0,1,00000010,0,00000000
1356,1356,0,0,00000014,1,0000006f
1357,1357,0,0,00000014,0,0000006f
1358,1358,0,0,00000014,0,0000006f
1359,1359,0,0,00000014,0,0000006f
1360,1360,0,1,00000014,0,0000006f
1361,1361,0,0,00000018,1,00000000
1362,1362,0,0,00000018,0,00000000
1363,1363,0,1,00000010,0,00000000
1364,1364,0,0,00000014,1,0000006f
1365,1365,0,0,00000014,0,0000006f
1366,1366,0,0,00000014,0,0000006f
1367,1367,0,0,00000014,0,0000006f
1368,1368,0,1,00000014,0,0000006f
1369,1369,0,0,00000018,1,00000000
1370,1370,0,0,00000018,0,00000000
1371,1371,0,1,00000010,0,00000000
1372,1372,0,0,00000014,1,0000006f
1373,1373,0,0,00000014,0,0000006f
1374,1374,0,0,00000014,0,0000006f
1375,1375,0,0,00000014,0,0000006f
1376,1376,0,1,00000014,0,0000006f
1377,1377,0,0,00000018,1,00000000
1378,1378,0,0,00000018,0,00000000
1379,1379,0,1,00000010,0,00000000
1380,1380,0,0,00000014,1,0000006f
1381,1381,0,0,00000014,0,0000006f
1382,1382,0,0,00000014,0,0000006f
1383,1383,0,0,00000014,0,0000006f
1384,1384,0,1,00000014,0,0000006f
1385,1385,0,0,00000018,1,00000000
1386,1386,0,0,00000018,0,00000000
1387,1387,0,1,00000010,0,00000000
1388,1388,0,0,00000014,1,0000006f
1389,1389,0,0,00000014,0,0000006f
1390,1390,0,0,00000014,0,0000006f
1391,1391,0,0,00000014,0,0000006f
1392,1392,0,1,00000014,0,0000006f
1393,1393,0,0,00000018,1,00000000
1394,1394,0,0,00000018,0,00000000
1395,1395,0,1,00000010,0,00000000
1396,1396,0,0,00000014,1,0000006f
1397,1397,0,0,00000014,0,0000006f
1398,1398,0,0,00000014,0,0000006f
1399,1399,0,0,00000014,0,0000006f
1400,1400,0,1,00000014,0,0000006f
1401,1401,0,0,00000018,1,00000000
1402,1402,0,0,00000018,0,00000000
1403,1403,0,1,00000010,0,00000000
1404,1404,0,0,00000014,1,0000006f
1405,1405,0,0,00000014,0,0000006f
1406,1406,0,0,00000014,0,0000006f
1407,1407,0,0,00000014,0,0000006f
1408,1408,0,1,00000014,0,0000006f
1409,1409,0,0,00000018,1,00000000
1410,1410,0,0,00000018,0,00000000
1411,1411,0,1,00000010,0,00000000
1412,1412,0,0,00000014,1,0000006f
1413,1413,0,0,00000014,0,0000006f
1414,1414,0,0,00000014,0,0000006f
1415,1415,0,0,00000014,0,0000006f
1416,1416,0,1,00000014,0,0000006f
1417,1417,0,0,00000018,1,00000000
1418,1418,0,0,00000018,0,00000000
1419,1419,0,1,00000010,0,00000000
1420,1420,0,0,00000014,1,0000006f
1421,1421,0,0,00000014,0,0000006f
1422,1422,0,0,00000014,0,0000006f
1423,1423,0,0,00000014,0,0000006f
1424,1424,0,1,00000014,0,0000006f
1425,1425,0,0,00000018,1,00000000
1426,1426,0,0,00000018,0,00000000
1427,1427,0,1,00000010,0,00000000
1428,1428,0,0,00000014,1,0000006f
1429,1429,0,0,00000014,0,0000006f
1430,1430,0,0,00000014,0,0000006f
1431,1431,0,0,00000014,0,0000006f
1432,1432,0,1,00000014,0,0000006f
1433,1433,0,0,00000018,1,00000000
1434,1434,0,0,00000018,0,00000000
1435,1435,0,1,00000010,0,00000000
1436,1436,0,0,00000014,1,0000006f
1437,1437,0,0,00000014,0,0000006f
1438,1438,0,0,00000014,0,0000006f
1439,1439,0,0,00000014,0,0000006f
1440,1440,0,1,00000014,0,0000006f
1441,1441,0,0,00000018,1,00000000
1442,1442,0,0,00000018,0,00000000
1443,1443,0,1,00000010,0,00000000
1444,1444,0,0,00000014,1,0000006f
1445,1445,0,0,00000014,0,0000006f
1446,1446,0,0,00000014,0,0000006f
1447,1447,0,0,00000014,0,0000006f
1448,1448,0,1,00000014,0,0000006f
1449,1449,0,0,00000018,1,00000000
1450,1450,0,0,00000018,0,00000000
1451,1451,0,1,00000010,0,00000000
1452,1452,0,0,00000014,1,0000006f
1453,1453,0,0,00000014,0,0000006f
1454,1454,0,0,00000014,0,0000006f
1455,1455,0,0,00000014,0,0000006f
1456,1456,0,1,00000014,0,0000006f
1457,1457,0,0,00000018,1,00000000
1458,1458,0,0,00000018,0,00000000
1459,1459,0,1,00000010,0,00000000
1460,1460,0,0,00000014,1,0000006f
1461,1461,0,0,00000014,0,0000006f
1462,1462,0,0,00000014,0,0000006f
1463,1463,0,0,00000014,0,0000006f
1464,1464,0,1,00000014,0,0000006f
1465,1465,0,0,00000018,1,00000000
1466,1466,0,0,00000018,0,00000000
1467,1467,0,1,00000010,0,00000000
1468,1468,0,0,00000014,1,0000006f
1469,1469,0,0,00000014,0,0000006f
1470,1470,0,0,00000014,0,0000006f
1471,1471,0,0,00000014,0,0000006f
1472,1472,0,1,00000014,0,0000006f
1473,1473,0,0,00000018,1,00000000
1474,1474,0,0,00000018,0,00000000
1475,1475,0,1,00000010,0,00000000
1476,1476,0,0,00000014,1,0000006f
1477,1477,0,0,00000014,0,0000006f
1478,1478,0,0,00000014,0,0000006f
1479,1479,0,0,00000014,0,0000006f
1480,1480,0,1,00000014,0,0000006f
1481,1481,0,0,00000018,1,00000000
1482,1482,0,0,00000018,0,00000000
1483,1483,0,1,00000010,0,00000000
1484,1484,0,0,00000014,1,0000006f
1485,1485,0,0,00000014,0,0000006f
1486,1486,0,0,00000014,0,0000006f
1487,1487,0,0,00000014,0,0000006f
1488,1488,0,1,00000014,0,0000006f
1489,1489,0,0,00000018,1,00000000
1490,1490,0,0,00000018,0,00000000
1491,1491,0,1,00000010,0,00000000
1492,1492,0,0,00000014,1,0000006f
1493,1493,0,0,00000014,0,0000006f
1494,1494,0,0,00000014,0,0000006f
1495,1495,0,0,00000014,0,0000006f
1496,1496,0,1,00000014,0,0000006f
1497,1497,0,0,00000018,1,00000000
1498,1498,0,0,00000018,0,00000000
1499,1499,0,1,00000010,0,00000000
1500,1500,0,0,00000014,1,0000006f
1501,1501,0,0,00000014,0,0000006f
1502,1502,0,0,00000014,0,0000006f
1503,1503,0,0,00000014,0,0000006f
1504,1504,0,1,00000014,0,0000006f
1505,1505,0,0,00000018,1,00000000
1506,1506,0,0,00000018,0,00000000
1507,1507,0,1,00000010,0,00000000
1508,1508,0,0,00000014,1,0000006f
1509,1509,0,0,00000014,0,0000006f
1510,1510,0,0,00000014,0,0000006f
1511,1511,0,0,00000014,0,0000006f
1512,1512,0,1,00000014,0,0000006f
1513,1513,0,0,00000018,1,00000000
1514,1514,0,0,00000018,0,00000000
1515,1515,0,1,00000010,0,00000000
1516,1516,0,0,00000014,1,0000006f
1517,1517,0,0,00000014,0,0000006f
1518,1518,0,0,00000014,0,0000006f
1519,1519,0,0,00000014,0,0000006f
1520,1520,0,1,00000014,0,0000006f
1521,1521,0,0,00000018,1,00000000
1522,1522,0,0,00000018,0,00000000
1523,1523,0,1,00000010,0,00000000
1524,1524,0,0,00000014,1,0000006f
1525,1525,0,0,00000014,0,0000006f
1526,1526,0,0,00000014,0,0000006f
1527,1527,0,0,00000014,0,0000006f
1528,1528,0,1,00000014,0,0000006f
1529,1529,0,0,00000018,1,00000000
1530,1530,0,0,00000018,0,00000000
1531,1531,0,1,00000010,0,00000000
1532,1532,0,0,00000014,1,0000006f
1533,1533,0,0,00000014,0,0000006f
1534,1534,0,0,00000014,0,0000006f
1535,1535,0,0,00000014,0,0000006f
1536,1536,0,1,00000014,0,0000006f
1537,1537,0,0,00000018,1,00000000
1538,1538,0,0,00000018,0,00000000
1539,1539,0,1,00000010,0,00000000
1540,1540,0,0,00000014,1,0000006f
1541,1541,0,0,00000014,0,0000006f
1542,1542,0,0,00000014,0,0000006f
1543,1543,0,0,00000014,0,0000006f
1544,1544,0,1,00000014,0,0000006f
1545,1545,0,0,00000018,1,00000000
1546,1546,0,0,00000018,0,00000000
1547,1547,0,1,00000010,0,00000000
1548,1548,0,0,00000014,1,0000006f
1549,1549,0,0,00000014,0,0000006f
1550,1550,0,0,00000014,0,0000006f
1551,1551,0,0,00000014,0,0000006f
1552,1552,0,1,00000014,0,0000006f
1553,1553,0,0,00000018,1,00000000
1554,1554,0,0,00000018,0,00000000
1555,1555,0,1,00000010,0,00000000
1556,1556,0,0,00000014,1,0000006f
1557,1557,0,0,00000014,0,0000006f
1558,1558,0,0,00000014,0,0000006f
1559,1559,0,0,00000014,0,0000006f
1560,1560,0,1,00000014,0,0000006f
1561,1561,0,0,00000018,1,00000000
1562,1562,0,0,00000018,0,00000000
1563,1563,0,1,00000010,0,00000000
1564,1564,0,0,00000014,1,0000006f
1565,1565,0,0,00000014,0,0000006f
1566,1566,0,0,00000014,0,0000006f
1567,1567,0,0,00000014,0,0000006f
1568,1568,0,1,00000014,0,0000006f
1569,1569,0,0,00000018,1,00000000
1570,1570,0,0,00000018,0,00000000
1571,1571,0,1,00000010,0,00000000
1572,1572,0,0,00000014,1,0000006f
1573,1573,0,0,00000014,0,0000006f
1574,1574,0,0,00000014,0,0000006f
1575,1575,0,0,00000014,0,0000006f
1576,1576,0,1,00000014,0,0000006f
1577,1577,0,0,00000018,1,00000000
1578,1578,0,0,00000018,0,00000000
1579,1579,0,1,00000010,0,00000000
1580,1580,0,0,00000014,1,0000006f
1581,1581,0,0,00000014,0,0000006f
1582,1582,0,0,00000014,0,0000006f
1583,1583,0,0,00000014,0,0000006f
1584,1584,0,1,00000014,0,0000006f
1585,1585,0,0,00000018,1,00000000
1586,1586,0,0,00000018,0,00000000
1587,1587,0,1,00000010,0,00000000
1588,1588,0,0,00000014,1,0000006f
1589,1589,0,0,00000014,0,0000006f
1590,1590,0,0,00000014,0,0000006f
1591,1591,0,0,00000014,0,0000006f
1592,1592,0,1,00000014,0,0000006f
1593,1593,0,0,00000018,1,00000000
1594,1594,0,0,00000018,0,00000000
1595,1595,0,1,00000010,0,00000000
1596,1596,0,0,00000014,1,0000006f
1597,1597,0,0,00000014,0,0000006f
1598,1598,0,0,00000014,0,0000006f
1599,1599,0,0,00000014,0,0000006f
1600,1600,0,1,00000014,0,0000006f
1601,1601,0,0,00000018,1,00000000
1602,1602,0,0,00000018,0,00000000
1603,1603,0,1,00000010,0,00000000
1604,1604,0,0,00000014,1,0000006f
1605,1605,0,0,00000014,0,0000006f
1606,1606,0,0,00000014,0,0000006f
1607,1607,0,0,00000014,0,0000006f
1608,1608,0,1,00000014,0,0000006f
1609,1609,0,0,00000018,1,00000000
1610,1610,0,0,00000018,0,00000000
1611,1611,0,1,00000010,0,00000000
1612,1612,0,0,00000014,1,0000006f
1613,1613,0,0,00000014,0,0000006f
1614,1614,0,0,00000014,0,0000006f
1615,1615,0,0,00000014,0,0000006f
1616,1616,0,1,00000014,0,0000006f
1617,1617,0,0,00000018,1,00000000
1618,1618,0,0,00000018,0,00000000
1619,1619,0,1,00000010,0,00000000
1620,1620,0,0,00000014,1,0000006f
1621,1621,0,0,00000014,0,0000006f
1622,1622,0,0,00000014,0,0000006f
1623,1623,0,0,00000014,0,0000006f
1624,1624,0,1,00000014,0,0000006f
1625,1625,0,0,00000018,1,00000000
1626,1626,0,0,00000018,0,00000000
1627,1627,0,1,00000010,0,00000000
1628,1628,0,0,00000014,1,0000006f
1629,1629,0,0,00000014,0,0000006f
1630,1630,0,0,00000014,0,0000006f
1631,1631,0,0,00000014,0,0000006f
1632,1632,0,1,00000014,0,0000006f
1633,1633,0,0,00000018,1,00000000
1634,1634,0,0,00000018,0,00000000
1635,1635,0,1,00000010,0,00000000
1636,1636,0,0,00000014,1,0000006f
1637,1637,0,0,00000014,0,0000006f
1638,1638,0,0,00000014,0,0000006f
1639,1639,0,0,00000014,0,0000006f
1640,1640,0,1,00000014,0,0000006f
1641,1641,0,0,00000018,1,00000000
1642,1642,0,0,00000018,0,00000000
1643,1643,0,1,00000010,0,00000000
1644,1644,0,0,00000014,1,0000006f
1645,1645,0,0,00000014,0,0000006f
1646,1646,0,0,00000014,0,0000006f
1647,1647,0,0,00000014,0,0000006f
1648,1648,0,1,00000014,0,0000006f
1649,1649,0,0,00000018,1,00000000
1650,1650,0,0,00000018,0,00000000
1651,1651,0,1,00000010,0,00000000
1652,1652,0,0,00000014,1,0000006f
1653,1653,0,0,00000014,0,0000006f
1654,1654,0,0,00000014,0,0000006f
1655,1655,0,0,00000014,0,0000006f
1656,1656,0,1,00000014,0,0000006f
1657,1657,0,0,00000018,1,00000000
1658,1658,0,0,00000018,0,00000000
1659,1659,0,1,00000010,0,00000000
1660,1660,0,0,00000014,1,0000006f
1661,1661,0,0,00000014,0,0000006f
1662,1662,0,0,00000014,0,0000006f
1663,1663,0,0,00000014,0,0000006f
1664,1664,0,1,00000014,0,0000006f
1665,1665,0,0,00000018,1,00000000
1666,1666,0,0,00000018,0,00000000
1667,1667,0,1,00000010,0,00000000
1668,1668,0,0,00000014,1,0000006f
1669,1669,0,0,00000014,0,0000006f
1670,1670,0,0,00000014,0,0000006f
1671,1671,0,0,00000014,0,0000006f
1672,1672,0,1,00000014,0,0000006f
1673,1673,0,0,00000018,1,00000000
1674,1674,0,0,00000018,0,00000000
1675,1675,0,1,00000010,0,00000000
1676,1676,0,0,00000014,1,0000006f
1677,1677,0,0,00000014,0,0000006f
1678,1678,0,0,00000014,0,0000006f
1679,1679,0,0,00000014,0,0000006f
1680,1680,0,1,00000014,0,0000006f
1681,1681,0,0,00000018,1,00000000
1682,1682,0,0,00000018,0,00000000
1683,1683,0,1,00000010,0,00000000
1684,1684,0,0,00000014,1,0000006f
1685,1685,0,0,00000014,0,0000006f
1686,1686,0,0,00000014,0,0000006f
1687,1687,0,0,00000014,0,0000006f
1688,1688,0,1,00000014,0,0000006f
1689,1689,0,0,00000018,1,00000000
1690,1690,0,0,00000018,0,00000000
1691,1691,0,1,00000010,0,00000000
1692,1692,0,0,00000014,1,0000006f
1693,1693,0,0,00000014,0,0000006f
1694,1694,0,0,00000014,0,0000006f
1695,1695,0,0,00000014,0,0000006f
1696,1696,0,1,00000014,0,0000006f
1697,1697,0,0,00000018,1,00000000
1698,1698,0,0,00000018,0,00000000
1699,1699,0,1,00000010,0,00000000
1700,1700,0,0,00000014,1,0000006f
1701,1701,0,0,00000014,0,0000006f
1702,1702,0,0,00000014,0,0000006f
1703,1703,0,0,00000014,0,0000006f
1704,1704,0,1,00000014,0,0000006f
1705,1705,0,0,00000018,1,00000000
1706,1706,0,0,00000018,0,00000000
1707,1707,0,1,00000010,0,00000000
1708,1708,0,0,00000014,1,0000006f
1709,1709,0,0,00000014,0,0000006f
1710,1710,0,0,00000014,0,0000006f
1711,1711,0,0,00000014,0,0000006f
1712,1712,0,1,00000014,0,0000006f
1713,1713,0,0,00000018,1,00000000
1714,1714,0,0,00000018,0,00000000
1715,1715,0,1,00000010,0,00000000
1716,1716,0,0,00000014,1,0000006f
1717,1717,0,0,00000014,0,0000006f
1718,1718,0,0,00000014,0,0000006f
1719,1719,0,0,00000014,0,0000006f
1720,1720,0,1,00000014,0,0000006f
1721,1721,0,0,00000018,1,00000000
1722,1722,0,0,00000018,0,00000000
1723,1723,0,1,00000010,0,00000000
1724,1724,0,0,00000014,1,0000006f
1725,1725,0,0,00000014,0,0000006f
1726,1726,0,0,00000014,0,0000006f
1727,1727,0,0,00000014,0,0000006f
1728,1728,0,1,00000014,0,0000006f
1729,1729,0,0,00000018,1,00000000
1730,1730,0,0,00000018,0,00000000
1731,1731,0,1,00000010,0,00000000
1732,1732,0,0,00000014,1,0000006f
1733,1733,0,0,00000014,0,0000006f
1734,1734,0,0,00000014,0,0000006f
1735,1735,0,0,00000014,0,0000006f
1736,1736,0,1,00000014,0,0000006f
1737,1737,0,0,00000018,1,00000000
1738,1738,0,0,00000018,0,00000000
1739,1739,0,1,00000010,0,00000000
1740,1740,0,0,00000014,1,0000006f
1741,1741,0,0,00000014,0,0000006f
1742,1742,0,0,00000014,0,0000006f
1743,1743,0,0,00000014,0,0000006f
1744,1744,0,1,00000014,0,0000006f
1745,1745,0,0,00000018,1,00000000
1746,1746,0,0,00000018,0,00000000
1747,1747,0,1,00000010,0,00000000
1748,1748,0,0,00000014,1,0000006f
1749,1749,0,0,00000014,0,0000006f
1750,1750,0,0,00000014,0,0000006f
1751,1751,0,0,00000014,0,0000006f
1752,1752,0,1,00000014,0,0000006f
1753,1753,0,0,00000018,1,00000000
1754,1754,0,0,00000018,0,00000000
1755,1755,0,1,00000010,0,00000000
1756,1756,0,0,00000014,1,0000006f
1757,1757,0,0,00000014,0,0000006f
1758,1758,0,0,00000014,0,0000006f
1759,1759,0,0,00000014,0,0000006f
1760,1760,0,1,00000014,0,0000006f
1761,1761,0,0,00000018,1,00000000
1762,1762,0,0,00000018,0,00000000
1763,1763,0,1,00000010,0,00000000
1764,1764,0,0,00000014,1,0000006f
1765,1765,0,0,00000014,0,0000006f
1766,1766,0,0,00000014,0,0000006f
1767,1767,0,0,00000014,0,0000006f
1768,1768,0,1,00000014,0,0000006f
1769,1769,0,0,00000018,1,00000000
1770,1770,0,0,00000018,0,00000000
1771,1771,0,1,00000010,0,00000000
1772,1772,0,0,00000014,1,0000006f
1773,1773,0,0,00000014,0,0000006f
1774,1774,0,0,00000014,0,0000006f
1775,1775,0,0,00000014,0,0000006f
1776,1776,0,1,00000014,0,0000006f
1777,1777,0,0,00000018,1,00000000
1778,1778,0,0,00000018,0,00000000
1779,1779,0,1,00000010,0,00000000
1780,1780,0,0,00000014,1,0000006f
1781,1781,0,0,00000014,0,0000006f
1782,1782,0,0,00000014,0,0000006f
1783,1783,0,0,00000014,0,0000006f
1784,1784,0,1,00000014,0,0000006f
1785,1785,0,0,00000018,1,00000000
1786,1786,0,0,00000018,0,00000000
1787,1787,0,1,00000010,0,00000000
1788,1788,0,0,00000014,1,0000006f
1789,1789,0,0,00000014,0,0000006f
1790,1790,0,0,00000014,0,0000006f
1791,1791,0,0,00000014,0,0000006f
1792,1792,0,1,00000014,0,0000006f
1793,1793,0,0,00000018,1,00000000
1794,1794,0,0,00000018,0,00000000
1795,1795,0,1,00000010,0,00000000
1796,1796,0,0,00000014,1,0000006f
1797,1797,0,0,00000014,0,0000006f
1798,1798,0,0,00000014,0,0000006f
1799,1799,0,0,00000014,0,0000006f
1800,1800,0,1,00000014,0,0000006f
1801,1801,0,0,00000018,1,00000000
1802,1802,0,0,00000018,0,00000000
1803,1803,0,1,00000010,0,00000000
1804,1804,0,0,00000014,1,0000006f
1805,1805,0,0,00000014,0,0000006f
1806,1806,0,0,00000014,0,0000006f
1807,1807,0,0,00000014,0,0000006f
1808,1808,0,1,00000014,0,0000006f
1809,1809,0,0,00000018,1,00000000
1810,1810,0,0,00000018,0,00000000
1811,1811,0,1,00000010,0,00000000
1812,1812,0,0,00000014,1,0000006f
1813,1813,0,0,00000014,0,0000006f
1814,1814,0,0,00000014,0,0000006f
1815,1815,0,0,00000014,0,0000006f
1816,1816,0,1,00000014,0,0000006f
1817,1817,0,0,00000018,1,00000000
1818,1818,0,0,00000018,0,00000000
1819,1819,0,1,00000010,0,00000000
1820,1820,0,0,00000014,1,0000006f
1821,1821,0,0,00000014,0,0000006f
1822,1822,0,0,00000014,0,0000006f
1823,1823,0,0,00000014,0,0000006f
1824,1824,0,1,00000014,0,0000006f
1825,1825,0,0,00000018,1,00000000
1826,1826,0,0,00000018,0,00000000
1827,1827,0,1,00000010,0,00000000
1828,1828,0,0,00000014,1,0000006f
1829,1829,0,0,00000014,0,0000006f
1830,1830,0,0,00000014,0,0000006f
1831,1831,0,0,00000014,0,0000006f
1832,1832,0,1,00000014,0,0000006f
1833,1833,0,0,00000018,1,00000000
1834,1834,0,0,00000018,0,00000000
1835,1835,0,1,00000010,0,00000000
1836,1836,0,0,00000014,1,0000006f
1837,1837,0,0,00000014,0,0000006f
1838,1838,0,0,00000014,0,0000006f
1839,1839,0,0,00000014,0,0000006f
1840,1840,0,1,00000014,0,0000006f
1841,1841,0,0,00000018,1,00000000
1842,1842,0,0,00000018,0,00000000
1843,1843,0,1,00000010,0,00000000
1844,1844,0,0,00000014,1,0000006f
1845,1845,0,0,00000014,0,0000006f
1846,1846,0,0,00000014,0,0000006f
1847,1847,0,0,00000014,0,0000006f
1848,1848,0,1,00000014,0,0000006f
1849,1849,0,0,00000018,1,00000000
1850,1850,0,0,00000018,0,00000000
1851,1851,0,1,00000010,0,00000000
1852,1852,0,0,00000014,1,0000006f
1853,1853,0,0,00000014,0,0000006f
1854,1854,0,0,00000014,0,0000006f
1855,1855,0,0,00000014,0,0000006f
1856,1856,0,1,00000014,0,0000006f
1857,1857,0,0,00000018,1,00000000
1858,1858,0,0,00000018,0,00000000
1859,1859,0,1,00000010,0,00000000
1860,1860,0,0,00000014,1,0000006f
1861,1861,0,0,00000014,0,0000006f
1862,1862,0,0,00000014,0,0000006f
1863,1863,0,0,00000014,0,0000006f
1864,1864,0,1,00000014,0,0000006f
1865,1865,0,0,00000018,1,00000000
1866,1866,0,0,00000018,0,00000000
1867,1867,0,1,00000010,0,00000000
1868,1868,0,0,00000014,1,0000006f
1869,1869,0,0,00000014,0,0000006f
1870,1870,0,0,00000014,0,0000006f
1871,1871,0,0,00000014,0,0000006f
1872,1872,0,1,00000014,0,0000006f
1873,1873,0,0,00000018,1,00000000
1874,1874,0,0,00000018,0,00000000
1875,1875,0,1,00000010,0,00000000
1876,1876,0,0,00000014,1,0000006f
1877,1877,0,0,00000014,0,0000006f
1878,1878,0,0,00000014,0,0000006f
1879,1879,0,0,00000014,0,0000006f
1880,1880,0,1,00000014,0,0000006f
1881,1881,0,0,00000018,1,00000000
1882,1882,0,0,00000018,0,00000000
1883,1883,0,1,00000010,0,00000000
1884,1884,0,0,00000014,1,0000006f
1885,1885,0,0,00000014,0,0000006f
1886,1886,0,0,00000014,0,0000006f
1887,1887,0,0,00000014,0,0000006f
1888,1888,0,1,00000014,0,0000006f
1889,1889,0,0,00000018,1,00000000
1890,1890,0,0,00000018,0,00000000
1891,1891,0,1,00000010,0,00000000
1892,1892,0,0,00000014,1,0000006f
1893,1893,0,0,00000014,0,0000006f
1894,1894,0,0,00000014,0,0000006f
1895,1895,0,0,00000014,0,0000006f
1896,1896,0,1,00000014,0,0000006f
1897,1897,0,0,00000018,1,00000000
1898,1898,0,0,00000018,0,00000000
1899,1899,0,1,00000010,0,00000000
1900,1900,0,0,00000014,1,0000006f
1901,1901,0,0,00000014,0,0000006f
1902,1902,0,0,00000014,0,0000006f
1903,1903,0,0,00000014,0,0000006f
1904,1904,0,1,00000014,0,0000006f
1905,1905,0,0,00000018,1,00000000
1906,1906,0,0,00000018,0,00000000
1907,1907,0,1,00000010,0,00000000
1908,1908,0,0,00000014,1,0000006f
1909,1909,0,0,00000014,0,0000006f
1910,1910,0,0,00000014,0,0000006f
1911,1911,0,0,00000014,0,0000006f
1912,1912,0,1,00000014,0,0000006f
1913,1913,0,0,00000018,1,00000000
1914,1914,0,0,00000018,0,00000000
1915,1915,0,1,00000010,0,00000000
1916,1916,0,0,00000014,1,0000006f
1917,1917,0,0,00000014,0,0000006f
1918,1918,0,0,00000014,0,0000006f
1919,1919,0,0,00000014,0,0000006f
1920,1920,0,1,00000014,0,0000006f
1921,1921,0,0,00000018,1,00000000
1922,1922,0,0,00000018,0,00000000
1923,1923,0,1,00000010,0,00000000
1924,1924,0,0,00000014,1,0000006f
1925,1925,0,0,00000014,0,0000006f
1926,1926,0,0,00000014,0,0000006f
1927,1927,0,0,00000014,0,0000006f
1928,1928,0,1,00000014,0,0000006f
1929,1929,0,0,00000018,1,00000000
1930,1930,0,0,00000018,0,00000000
1931,1931,0,1,00000010,0,00000000
1932,1932,0,0,00000014,1,0000006f
1933,1933,0,0,00000014,0,0000006f
1934,1934,0,0,00000014,0,0000006f
1935,1935,0,0,00000014,0,0000006f
1936,1936,0,1,00000014,0,0000006f
1937,1937,0,0,00000018,1,00000000
1938,1938,0,0,00000018,0,00000000
1939,1939,0,1,00000010,0,00000000
1940,1940,0,0,00000014,1,0000006f
1941,1941,0,0,00000014,0,0000006f
1942,1942,0,0,00000014,0,0000006f
1943,1943,0,0,00000014,0,0000006f
1944,1944,0,1,00000014,0,0000006f
1945,1945,0,0,00000018,1,00000000
1946,1946,0,0,00000018,0,00000000
1947,1947,0,1,00000010,0,00000000
1948,1948,0,0,00000014,1,0000006f
1949,1949,0,0,00000014,0,0000006f
1950,1950,0,0,00000014,0,0000006f
1951,1951,0,0,00000014,0,0000006f
1952,1952,0,1,00000014,0,0000006f
1953,1953,0,0,00000018,1,00000000
1954,1954,0,0,00000018,0,00000000
1955,1955,0,1,00000010,0,00000000
1956,1956,0,0,00000014,1,0000006f
1957,1957,0,0,00000014,0,0000006f
1958,1958,0,0,00000014,0,0000006f
1959,1959,0,0,00000014,0,0000006f
1960,1960,0,1,00000014,0,0000006f
1961,1961,0,0,00000018,1,00000000
1962,1962,0,0,00000018,0,00000000
1963,1963,0,1,00000010,0,00000000
1964,1964,0,0,00000014,1,0000006f
1965,1965,0,0,00000014,0,0000006f
1966,1966,0,0,00000014,0,0000006f
1967,1967,0,0,00000014,0,0000006f
1968,1968,0,1,00000014,0,0000006f
1969,1969,0,0,00000018,1,00000000
1970,1970,0,0,00000018,0,00000000
1971,1971,0,1,00000010,0,00000000
1972,1972,0,0,00000014,1,0000006f
1973,1973,0,0,00000014,0,0000006f
1974,1974,0,0,00000014,0,0000006f
1975,1975,0,0,00000014,0,0000006f
1976,1976,0,1,00000014,0,0000006f
1977,1977,0,0,00000018,1,00000000
1978,1978,0,0,00000018,0,00000000
1979,1979,0,1,00000010,0,00000000
1980,1980,0,0,00000014,1,0000006f
1981,1981,0,0,00000014,0,0000006f
1982,1982,0,0,00000014,0,0000006f
1983,1983,0,0,00000014,0,0000006f
1984,1984,0,1,00000014,0,0000006f
1985,1985,0,0,00000018,1,00000000
1986,1986,0,0,00000018,0,00000000
1987,1987,0,1,00000010,0,00000000
1988,1988,0,0,00000014,1,0000006f
1989,1989,0,0,00000014,0,0000006f
1990,1990,0,0,00000014,0,0000006f
1991,1991,0,0,00000014,0,0000006f
1992,1992,0,1,00000014,0,0000006f
1993,1993,0,0,00000018,1,00000000
1994,1994,0,0,00000018,0,00000000
1995,1995,0,1,00000010,0,00000000
1996,1996,0,0,00000014,1,0000006f
1997,1997,0,0,00000014,0,0000006f
1998,1998,0,0,00000014,0,0000006f
1999,1999,0,0,00000014,0,0000006f
2000,2000,0,1,00000014,0,0000006f
2001,2001,0,0,00000018,1,00000000
2002,2002,0,0,00000018,0,00000000
2003,2003,0,1,00000010,0,00000000
2004,2004,0,0,00000014,1,0000006f
2005,2005,0,0,00000014,0,0000006f
2006,2006,0,0,00000014,0,0000006f
2007,2007,0,0,00000014,0,0000006f
2008,2008,0,1,00000014,0,0000006f
2009,2009,0,0,00000018,1,00000000
2010,2010,0,0,00000018,0,00000000
2011,2011,0,1,00000010,0,00000000
2012,2012,0,0,00000014,1,0000006f
2013,2013,0,0,00000014,0,0000006f
2014,2014,0,0,00000014,0,0000006f
2015,2015,0,0,00000014,0,0000006f
2016,2016,0,1,00000014,0,0000006f
2017,2017,0,0,00000018,1,00000000
2018,2018,0,0,00000018,0,00000000
2019,2019,0,1,00000010,0,00000000
2020,2020,0,0,00000014,1,0000006f
2021,2021,0,0,00000014,0,0000006f
2022,2022,0,0,00000014,0,0000006f
2023,2023,0,0,00000014,0,0000006f
2024,2024,0,1,00000014,0,0000006f
2025,2025,0,0,00000018,1,00000000
2026,2026,0,0,00000018,0,00000000
2027,2027,0,1,00000010,0,00000000
2028,2028,0,0,00000014,1,0000006f
2029,2029,0,0,00000014,0,0000006f
2030,2030,0,0,00000014,0,0000006f
2031,2031,0,0,00000014,0,0000006f
2032,2032,0,1,00000014,0,0000006f
2033,2033,0,0,00000018,1,00000000
2034,2034,0,0,00000018,0,00000000
2035,2035,0,1,00000010,0,00000000
2036,2036,0,0,00000014,1,0000006f
2037,2037,0,0,00000014,0,0000006f
2038,2038,0,0,00000014,0,0000006f
2039,2039,0,0,00000014,0,0000006f
2040,2040,0,1,00000014,0,0000006f
2041,2041,0,0,00000018,1,00000000
2042,2042,0,0,00000018,0,00000000
2043,2043,0,1,00000010,0,00000000
2044,2044,0,0,00000014,1,0000006f
2045,2045,0,0,00000014,0,0000006f
2046,2046,0,0,00000014,0,0000006f
2047,2047,0,0,00000014,0,0000006f
